gid,plraum,statbez_name,uuid,geojson
INTEGER,INTEGER,VARCHAR,VARCHAR,VARCHAR
12,6,Beutenberg / Winzerlaer Straße,9bf45940-98e0-4201-bdab-45ea6815740b,"{""type"":""Polygon"",""bbox"":[11.552703,50.896576,11.581329,50.918190],""coordinates"":[[[11.573703,50.902447],[11.573667,50.90233],[11.57387,50.902279],[11.57264,50.900801],[11.572056,50.900573],[11.571393,50.900597],[11.570463,50.901022],[11.570684,50.901579],[11.570488,50.902491],[11.570545,50.903292],[11.570365,50.90333],[11.570243,50.902999],[11.570531,50.901591],[11.57047,50.901268],[11.569926,50.900754],[11.56975,50.900386],[11.569507,50.900326],[11.569319,50.900621],[11.568798,50.900487],[11.569215,50.899829],[11.568409,50.899477],[11.567332,50.900446],[11.567161,50.900334],[11.566822,50.900308],[11.565788,50.900651],[11.565279,50.900165],[11.564199,50.899619],[11.562628,50.899173],[11.561706,50.898764],[11.561974,50.898647],[11.562192,50.898678],[11.558435,50.896674],[11.554381,50.897033],[11.552703,50.896576],[11.552797,50.898849],[11.553101,50.899564],[11.554196,50.900806],[11.554528,50.900991],[11.554127,50.901214],[11.554532,50.90168],[11.556607,50.901962],[11.557151,50.901813],[11.558811,50.901636],[11.559324,50.9015],[11.561666,50.901597],[11.56298,50.901862],[11.564213,50.901758],[11.564245,50.902265],[11.56375,50.902355],[11.563784,50.90367],[11.563138,50.903743],[11.563125,50.903904],[11.563114,50.904886],[11.564127,50.904987],[11.563154,50.906306],[11.564818,50.906646],[11.563981,50.907932],[11.563746,50.907839],[11.562613,50.90921],[11.564079,50.909826],[11.565377,50.911506],[11.566636,50.912208],[11.566935,50.912521],[11.568085,50.912919],[11.568315,50.912919],[11.568795,50.91262],[11.568956,50.912642],[11.570717,50.913124],[11.572183,50.91336],[11.571925,50.913592],[11.572562,50.913827],[11.572648,50.913723],[11.573507,50.913727],[11.574016,50.913567],[11.574185,50.913403],[11.574936,50.913424],[11.575075,50.913966],[11.575923,50.914944],[11.577039,50.915579],[11.578271,50.916165],[11.578442,50.916158],[11.578781,50.916601],[11.578996,50.916549],[11.579899,50.91819],[11.580507,50.918022],[11.580421,50.917708],[11.580655,50.917254],[11.581305,50.916607],[11.581329,50.916239],[11.581031,50.915601],[11.579711,50.914674],[11.577585,50.913809],[11.576885,50.913964],[11.576017,50.913962],[11.576092,50.913824],[11.575603,50.912822],[11.575483,50.912051],[11.57486,50.911377],[11.574606,50.910493],[11.573904,50.90977],[11.573983,50.909245],[11.574263,50.909151],[11.574476,50.909177],[11.574545,50.908876],[11.575589,50.908097],[11.574156,50.907995],[11.574455,50.904965],[11.573703,50.902447]]]}"
152,3,Remderoda,98fa2d54-636a-4ea7-ac57-511ea5e92669,"{""type"":""Polygon"",""bbox"":[11.515778,50.932663,11.545853,50.942096],""coordinates"":[[[11.516553,50.936747],[11.515778,50.939121],[11.519103,50.939046],[11.523398,50.94011],[11.525514,50.93991],[11.527987,50.939245],[11.531752,50.938537],[11.534979,50.938949],[11.535391,50.939706],[11.536645,50.93973],[11.536537,50.941221],[11.537061,50.942096],[11.540069,50.941747],[11.541237,50.941149],[11.542422,50.941312],[11.542245,50.941543],[11.544291,50.941264],[11.545853,50.940416],[11.545662,50.940313],[11.545044,50.940579],[11.544904,50.940404],[11.545319,50.939672],[11.544659,50.939501],[11.545318,50.93915],[11.545346,50.938661],[11.544075,50.93849],[11.541351,50.937784],[11.539995,50.937174],[11.538451,50.936075],[11.537282,50.935089],[11.534659,50.932663],[11.531747,50.932674],[11.529589,50.932971],[11.528337,50.933308],[11.525714,50.933166],[11.525666,50.93343],[11.523706,50.933509],[11.523215,50.935098],[11.517013,50.934716],[11.516553,50.936747]]]}"
151,3,Münchenroda,ebb848f1-4769-405b-86da-671ae7a1a88d,"{""type"":""Polygon"",""bbox"":[11.503764,50.912095,11.536870,50.936747],""coordinates"":[[[11.507383,50.913114],[11.507301,50.913899],[11.507847,50.91409],[11.509498,50.915243],[11.509565,50.917114],[11.509354,50.917631],[11.508556,50.918542],[11.507402,50.91856],[11.505805,50.921139],[11.505109,50.921222],[11.50474,50.922664],[11.506806,50.922889],[11.506415,50.924665],[11.506528,50.92705],[11.506366,50.927647],[11.50591,50.928448],[11.504785,50.929818],[11.503764,50.932625],[11.50617,50.933205],[11.507566,50.933408],[11.507305,50.936255],[11.509024,50.936435],[11.509006,50.936605],[11.511817,50.936567],[11.516553,50.936747],[11.517013,50.934716],[11.523215,50.935098],[11.523706,50.933509],[11.525666,50.93343],[11.525714,50.933166],[11.528337,50.933308],[11.529589,50.932971],[11.531747,50.932674],[11.534659,50.932663],[11.535731,50.931424],[11.53687,50.931489],[11.536705,50.930489],[11.536247,50.929769],[11.533133,50.927451],[11.535336,50.925699],[11.532717,50.925653],[11.532168,50.92507],[11.531238,50.924829],[11.531073,50.924925],[11.529363,50.923946],[11.527765,50.922726],[11.526716,50.921004],[11.525231,50.92],[11.524907,50.91967],[11.525008,50.919524],[11.524931,50.919171],[11.525242,50.918983],[11.525124,50.918515],[11.525622,50.918366],[11.525357,50.91806],[11.525397,50.917962],[11.52578,50.917824],[11.526164,50.917491],[11.52677,50.917464],[11.526985,50.917266],[11.527778,50.917327],[11.528598,50.917071],[11.529547,50.916493],[11.529375,50.915832],[11.528581,50.914976],[11.528631,50.914603],[11.52834,50.914468],[11.528546,50.913971],[11.527893,50.913332],[11.527289,50.91302],[11.527263,50.912778],[11.526924,50.912438],[11.526344,50.912095],[11.523311,50.912463],[11.519929,50.913172],[11.518872,50.913284],[11.516359,50.913023],[11.513641,50.912461],[11.513102,50.912643],[11.511671,50.912817],[11.510775,50.913139],[11.50914,50.913474],[11.508475,50.913437],[11.507383,50.913114]]]}"
201,3,Jenaprießnitz,1e218d12-a2f1-4ff6-a003-0f7ad0b51137,"{""type"":""Polygon"",""bbox"":[11.632256,50.903281,11.667827,50.938917],""coordinates"":[[[11.662411,50.918317],[11.662888,50.917727],[11.663824,50.917751],[11.664914,50.91796],[11.665254,50.91724],[11.665747,50.917213],[11.667827,50.917435],[11.667523,50.916149],[11.665707,50.915718],[11.664948,50.915277],[11.663757,50.914807],[11.663155,50.914429],[11.664157,50.914137],[11.664431,50.913769],[11.664975,50.913419],[11.665551,50.912793],[11.667031,50.911722],[11.666883,50.911823],[11.66531,50.911898],[11.663251,50.911736],[11.662396,50.911584],[11.660433,50.911561],[11.659026,50.911276],[11.657805,50.911328],[11.657309,50.910696],[11.656548,50.910018],[11.657227,50.909344],[11.657463,50.90887],[11.657477,50.907378],[11.655203,50.906144],[11.653094,50.90415],[11.651969,50.903281],[11.651255,50.905123],[11.650631,50.905741],[11.650739,50.905921],[11.650305,50.906444],[11.650037,50.907011],[11.645256,50.905882],[11.645159,50.906368],[11.644467,50.906673],[11.641956,50.907155],[11.641122,50.907882],[11.639202,50.907718],[11.636965,50.908177],[11.635977,50.908493],[11.634882,50.907603],[11.632911,50.906947],[11.6331,50.907941],[11.633438,50.908673],[11.634667,50.909458],[11.636152,50.910099],[11.636684,50.910235],[11.637812,50.910094],[11.638567,50.910135],[11.639814,50.912355],[11.640456,50.91399],[11.640053,50.914359],[11.640022,50.915799],[11.639796,50.91611],[11.639471,50.917516],[11.639384,50.918696],[11.638598,50.920267],[11.638183,50.920448],[11.637062,50.920581],[11.634951,50.921357],[11.633498,50.924037],[11.634068,50.926282],[11.633826,50.928618],[11.634136,50.928893],[11.633641,50.930847],[11.633761,50.931401],[11.634018,50.931523],[11.634023,50.93244],[11.633612,50.932486],[11.63392,50.932866],[11.632992,50.932955],[11.633106,50.933326],[11.632256,50.933499],[11.632359,50.933769],[11.633216,50.933817],[11.633577,50.935378],[11.634054,50.936116],[11.634313,50.936298],[11.634408,50.93733],[11.634,50.937277],[11.634263,50.938851],[11.636029,50.938917],[11.641204,50.938527],[11.649453,50.938261],[11.652425,50.938318],[11.656804,50.938762],[11.656873,50.935978],[11.656545,50.93495],[11.656104,50.934318],[11.654979,50.933342],[11.654615,50.933311],[11.654396,50.932846],[11.654502,50.932366],[11.65401,50.93081],[11.653442,50.929881],[11.653614,50.92979],[11.653394,50.929662],[11.653412,50.929279],[11.653046,50.928023],[11.655234,50.927773],[11.657859,50.926977],[11.65857,50.926871],[11.658138,50.926002],[11.658774,50.925673],[11.659175,50.925127],[11.660572,50.924944],[11.661147,50.924687],[11.66093,50.923595],[11.661224,50.920574],[11.662411,50.918317]]]}"
51,5,Lichtenhain Ort,46ed6061-bdec-4242-8e99-65830ca4687f,"{""type"":""Polygon"",""bbox"":[11.524710,50.908662,11.570348,50.919511],""coordinates"":[[[11.567489,50.912669],[11.56596,50.912259],[11.564749,50.912197],[11.56291,50.911518],[11.560743,50.911368],[11.557463,50.91089],[11.556112,50.910784],[11.549484,50.91145],[11.542292,50.912972],[11.539526,50.912041],[11.538296,50.911976],[11.536595,50.911412],[11.532192,50.910479],[11.530769,50.909893],[11.528868,50.908662],[11.528186,50.90914],[11.526668,50.909192],[11.52471,50.909722],[11.524727,50.910095],[11.525263,50.911087],[11.526276,50.912046],[11.526924,50.912438],[11.527263,50.912778],[11.527289,50.91302],[11.527893,50.913332],[11.528546,50.913971],[11.52834,50.914468],[11.528631,50.914603],[11.528581,50.914976],[11.529417,50.915923],[11.529522,50.916542],[11.528879,50.916964],[11.527778,50.917327],[11.526985,50.917266],[11.526757,50.917454],[11.527808,50.91853],[11.528396,50.918622],[11.530099,50.918441],[11.532247,50.917915],[11.532109,50.917596],[11.532514,50.9173],[11.532702,50.916867],[11.533036,50.916604],[11.534718,50.916136],[11.537643,50.914946],[11.538017,50.91519],[11.538356,50.915219],[11.539396,50.914749],[11.540814,50.915437],[11.541279,50.914977],[11.542141,50.915138],[11.542584,50.915323],[11.543411,50.91834],[11.544406,50.91831],[11.544682,50.918333],[11.544722,50.918418],[11.545862,50.918482],[11.546949,50.918657],[11.547004,50.918584],[11.547835,50.918902],[11.549039,50.919081],[11.549449,50.919069],[11.549642,50.918411],[11.551012,50.918443],[11.555479,50.919165],[11.55659,50.919223],[11.556663,50.91851],[11.557526,50.918504],[11.559301,50.918697],[11.559221,50.918634],[11.561523,50.918927],[11.56201,50.918723],[11.562648,50.918643],[11.564609,50.91859],[11.565452,50.918671],[11.566235,50.918967],[11.567137,50.919178],[11.56826,50.919268],[11.568832,50.91923],[11.569529,50.919511],[11.56912,50.916184],[11.569296,50.916199],[11.569332,50.915949],[11.569959,50.915811],[11.570283,50.915605],[11.570245,50.915112],[11.570348,50.914986],[11.569207,50.914674],[11.56879,50.914444],[11.568762,50.914173],[11.569061,50.913486],[11.568657,50.912924],[11.568956,50.912642],[11.568795,50.91262],[11.568315,50.912919],[11.568085,50.912919],[11.567489,50.912669]]]}"
162,3,Vierzehnheiligen,88bf13bd-5657-4b08-aee3-f53aa3b2ae69,"{""type"":""Polygon"",""bbox"":[11.522397,50.958572,11.545845,50.983414],""coordinates"":[[[11.543904,50.958604],[11.543724,50.958572],[11.543445,50.959917],[11.542508,50.960855],[11.541925,50.961785],[11.540597,50.962306],[11.540306,50.962738],[11.540033,50.962766],[11.540061,50.962888],[11.539354,50.962948],[11.53901,50.963999],[11.538395,50.964559],[11.538152,50.964661],[11.537338,50.964641],[11.536033,50.96377],[11.534608,50.963227],[11.533898,50.96485],[11.532948,50.966067],[11.532063,50.966892],[11.529777,50.96822],[11.528216,50.969791],[11.528421,50.969861],[11.526776,50.971896],[11.526598,50.971966],[11.526662,50.972044],[11.524859,50.971548],[11.525033,50.971258],[11.52315,50.970866],[11.522397,50.972257],[11.524367,50.972863],[11.523169,50.974507],[11.524038,50.974767],[11.523672,50.975222],[11.526366,50.975939],[11.525204,50.977843],[11.525843,50.97801],[11.525576,50.978406],[11.525929,50.9785],[11.5246,50.980341],[11.525962,50.980596],[11.525832,50.98081],[11.528324,50.981277],[11.527802,50.981923],[11.528638,50.982122],[11.528424,50.982382],[11.531402,50.983414],[11.533496,50.980488],[11.536965,50.976214],[11.541364,50.977098],[11.542821,50.974516],[11.542955,50.974185],[11.540645,50.97393],[11.541891,50.971751],[11.543112,50.970108],[11.54241,50.969836],[11.544348,50.966006],[11.545845,50.963434],[11.543529,50.962764],[11.544449,50.961328],[11.545602,50.958886],[11.543904,50.958604]]]}"
43,2,Jena-Nord,8d0d6a95-acfe-4217-9341-c0c3adfa03fe,"{""type"":""Polygon"",""bbox"":[11.575264,50.933439,11.610058,50.951716],""coordinates"":[[[11.584314,50.937211],[11.583793,50.936248],[11.581832,50.936642],[11.581648,50.93688],[11.582125,50.936811],[11.582251,50.937065],[11.581815,50.937663],[11.582771,50.937719],[11.582596,50.938038],[11.582835,50.938339],[11.581816,50.938892],[11.581367,50.939381],[11.579983,50.939336],[11.579563,50.93907],[11.579468,50.939134],[11.580017,50.93943],[11.580421,50.939526],[11.580848,50.939883],[11.579089,50.940119],[11.578581,50.940391],[11.578656,50.940455],[11.578262,50.941021],[11.578893,50.94118],[11.578725,50.941327],[11.578907,50.941525],[11.58056,50.941287],[11.579438,50.941676],[11.57981,50.942009],[11.580414,50.941774],[11.580535,50.942616],[11.580987,50.942597],[11.581013,50.94411],[11.575264,50.947083],[11.581613,50.948983],[11.585995,50.949776],[11.587079,50.950278],[11.588848,50.950704],[11.591754,50.951716],[11.600127,50.947805],[11.599951,50.947643],[11.600907,50.947054],[11.601253,50.947278],[11.601345,50.947235],[11.600799,50.946807],[11.601787,50.946186],[11.601992,50.946187],[11.60266,50.94662],[11.602777,50.946565],[11.602019,50.946083],[11.603017,50.945468],[11.603991,50.945997],[11.604685,50.945673],[11.604801,50.945737],[11.605352,50.945211],[11.606521,50.945633],[11.605635,50.945226],[11.60714,50.944519],[11.607319,50.944625],[11.607808,50.944199],[11.610058,50.94312],[11.608833,50.941058],[11.609351,50.939108],[11.609036,50.936551],[11.608741,50.935931],[11.607032,50.935077],[11.606356,50.93499],[11.605989,50.935064],[11.605715,50.935287],[11.605425,50.935178],[11.605458,50.935247],[11.604761,50.93575],[11.603934,50.935835],[11.603683,50.935683],[11.601565,50.936461],[11.60051,50.936725],[11.599644,50.936849],[11.59812,50.936899],[11.597678,50.936816],[11.596621,50.936373],[11.594808,50.935088],[11.594607,50.935175],[11.594646,50.93535],[11.592605,50.934983],[11.592286,50.934835],[11.591402,50.934328],[11.590678,50.933439],[11.59047,50.933475],[11.590196,50.93391],[11.590064,50.933794],[11.586442,50.933894],[11.584624,50.933762],[11.584605,50.934002],[11.584492,50.934011],[11.584812,50.936963],[11.584314,50.937211]]]}"
42,5,Jena-West,bf11513c-28f0-459a-9457-4589ae19b1bf,"{""type"":""Polygon"",""bbox"":[11.544659,50.925647,11.584812,50.947117],""coordinates"":[[[11.546658,50.933518],[11.546181,50.933947],[11.546076,50.934389],[11.546181,50.935186],[11.547533,50.937681],[11.546432,50.937819],[11.545409,50.938313],[11.545093,50.938623],[11.545346,50.938661],[11.545318,50.93915],[11.544659,50.939501],[11.545319,50.939672],[11.544904,50.940404],[11.545044,50.940579],[11.545662,50.940313],[11.546273,50.940626],[11.548141,50.941022],[11.549357,50.941156],[11.549815,50.94138],[11.551167,50.94169],[11.551678,50.941624],[11.551916,50.941443],[11.555207,50.941622],[11.556578,50.941572],[11.557369,50.941876],[11.558005,50.942387],[11.559486,50.9427],[11.559714,50.941911],[11.561466,50.942084],[11.562475,50.942033],[11.563624,50.942538],[11.565394,50.942998],[11.565509,50.943114],[11.566436,50.943016],[11.570258,50.943403],[11.57015,50.943625],[11.571516,50.944174],[11.571066,50.944447],[11.570997,50.944603],[11.571592,50.944757],[11.571449,50.945105],[11.571596,50.945241],[11.571834,50.945067],[11.572056,50.945221],[11.571911,50.945312],[11.572265,50.945589],[11.572524,50.945593],[11.572986,50.945929],[11.573272,50.946185],[11.572999,50.946274],[11.573521,50.94651],[11.573453,50.946764],[11.573884,50.947117],[11.575264,50.947083],[11.581013,50.94411],[11.580987,50.942597],[11.580535,50.942616],[11.580414,50.941774],[11.57981,50.942009],[11.579438,50.941676],[11.58056,50.941287],[11.578907,50.941525],[11.578725,50.941327],[11.578893,50.94118],[11.578262,50.941021],[11.578656,50.940455],[11.578581,50.940391],[11.579089,50.940119],[11.580848,50.939883],[11.580421,50.939526],[11.580017,50.93943],[11.579468,50.939134],[11.579563,50.93907],[11.579983,50.939336],[11.581367,50.939381],[11.581816,50.938892],[11.582835,50.938339],[11.582596,50.938038],[11.582771,50.937719],[11.581815,50.937663],[11.582251,50.937065],[11.582125,50.936811],[11.581648,50.93688],[11.581832,50.936642],[11.583793,50.936248],[11.584314,50.937211],[11.584812,50.936963],[11.584492,50.934011],[11.584218,50.933922],[11.58427,50.933681],[11.583963,50.932119],[11.583382,50.931261],[11.583168,50.930403],[11.583191,50.929905],[11.583465,50.929828],[11.583418,50.9297],[11.5827,50.929797],[11.582514,50.929536],[11.583492,50.9294],[11.583319,50.929122],[11.583585,50.929063],[11.583198,50.927778],[11.583306,50.92777],[11.583428,50.926607],[11.583302,50.926107],[11.582388,50.925897],[11.582418,50.925786],[11.582046,50.925647],[11.581582,50.926037],[11.580589,50.926182],[11.578201,50.926279],[11.577944,50.926362],[11.577317,50.927261],[11.576949,50.927377],[11.576916,50.927575],[11.575996,50.928285],[11.574565,50.928797],[11.568725,50.929952],[11.563213,50.932678],[11.559863,50.933745],[11.558622,50.934276],[11.557274,50.935049],[11.557162,50.93523],[11.555859,50.934772],[11.552887,50.933084],[11.551708,50.931465],[11.55142,50.931168],[11.551024,50.930975],[11.5514,50.930242],[11.550965,50.930199],[11.550104,50.930408],[11.548356,50.931302],[11.547817,50.932114],[11.547522,50.932318],[11.54682,50.932505],[11.546787,50.933478],[11.546658,50.933518]]]}"
62,1,Lobeda-West,c448f14d-d6a4-4ea5-8589-afd1360c6e46,"{""type"":""Polygon"",""bbox"":[11.592376,50.874998,11.623104,50.895802],""coordinates"":[[[11.617371,50.880742],[11.616754,50.882171],[11.618314,50.880959],[11.619451,50.880282],[11.619836,50.879718],[11.62012,50.87959],[11.620842,50.879471],[11.62204,50.878725],[11.623104,50.877866],[11.621611,50.876221],[11.621175,50.8761],[11.620742,50.876122],[11.620255,50.875807],[11.618308,50.875609],[11.617837,50.875356],[11.616164,50.875258],[11.616162,50.874998],[11.61422,50.875065],[11.612433,50.87502],[11.608753,50.875265],[11.608549,50.87556],[11.60831,50.875605],[11.608014,50.875633],[11.607643,50.875377],[11.607517,50.87539],[11.607046,50.875808],[11.606804,50.875869],[11.606407,50.875888],[11.60604,50.875715],[11.605795,50.875729],[11.60559,50.876026],[11.605155,50.876049],[11.605008,50.876164],[11.604993,50.876378],[11.604045,50.876425],[11.603302,50.876965],[11.602502,50.876841],[11.601898,50.876949],[11.601844,50.877266],[11.601358,50.877348],[11.601589,50.87763],[11.60144,50.878099],[11.600544,50.878413],[11.599601,50.878453],[11.598822,50.876205],[11.595003,50.876728],[11.594732,50.877514],[11.594781,50.878072],[11.595498,50.879051],[11.596296,50.880953],[11.596691,50.881271],[11.597305,50.880851],[11.598202,50.880804],[11.598347,50.8811],[11.598898,50.881502],[11.599447,50.882718],[11.600656,50.883477],[11.601804,50.884746],[11.602242,50.885363],[11.602479,50.88605],[11.602513,50.886537],[11.600663,50.886412],[11.600674,50.886344],[11.599457,50.886265],[11.599445,50.886344],[11.593417,50.885927],[11.593092,50.887639],[11.592468,50.888717],[11.592428,50.888944],[11.592779,50.889035],[11.592568,50.889055],[11.592376,50.889396],[11.593817,50.889493],[11.593558,50.891423],[11.595738,50.893249],[11.596762,50.893378],[11.597089,50.893743],[11.598253,50.894509],[11.598634,50.895006],[11.598732,50.895543],[11.599389,50.895515],[11.599944,50.895761],[11.600668,50.895802],[11.60177,50.895583],[11.602043,50.894786],[11.602357,50.890833],[11.605446,50.890922],[11.605582,50.891509],[11.605875,50.891837],[11.606027,50.891735],[11.605688,50.891492],[11.605601,50.890933],[11.606043,50.890767],[11.606382,50.89029],[11.607598,50.890504],[11.607305,50.891269],[11.607598,50.891283],[11.60777,50.890577],[11.609275,50.890804],[11.610655,50.887596],[11.60817,50.88738],[11.608096,50.887445],[11.608001,50.887402],[11.608545,50.886924],[11.608518,50.88669],[11.608673,50.886688],[11.609415,50.885889],[11.610362,50.885842],[11.611618,50.885942],[11.613694,50.88443],[11.616366,50.882181],[11.617371,50.880742]]]}"
191,3,Kunitz,f9155817-fbbc-4e21-b934-0e93979aedd3,"{""type"":""Polygon"",""bbox"":[11.616943,50.938299,11.668079,50.969390],""coordinates"":[[[11.649584,50.945816],[11.649305,50.944852],[11.649,50.944311],[11.649474,50.944073],[11.649737,50.943812],[11.649826,50.943481],[11.650091,50.943271],[11.649919,50.942917],[11.649934,50.942571],[11.649098,50.941861],[11.649083,50.940419],[11.649443,50.940857],[11.649758,50.940674],[11.648145,50.938299],[11.641204,50.938527],[11.636029,50.938917],[11.633944,50.938822],[11.630247,50.939518],[11.628782,50.939392],[11.62761,50.939158],[11.62624,50.939118],[11.624527,50.938927],[11.624312,50.939945],[11.624932,50.940554],[11.625068,50.941553],[11.623608,50.942506],[11.622882,50.942243],[11.621959,50.943259],[11.621253,50.943791],[11.620283,50.944939],[11.619909,50.944783],[11.618465,50.945566],[11.618098,50.945312],[11.616943,50.946027],[11.617675,50.946045],[11.617253,50.946189],[11.618379,50.946415],[11.619457,50.946905],[11.621587,50.948531],[11.622456,50.948639],[11.623712,50.948561],[11.625364,50.948595],[11.626197,50.949333],[11.627121,50.951004],[11.62802,50.951767],[11.628142,50.952127],[11.627938,50.95213],[11.628036,50.953471],[11.628602,50.954354],[11.631057,50.955141],[11.633913,50.956334],[11.634153,50.957355],[11.633186,50.959406],[11.633139,50.960072],[11.633397,50.960856],[11.633833,50.961275],[11.634902,50.961983],[11.635053,50.962335],[11.634743,50.962853],[11.633151,50.963989],[11.633125,50.964833],[11.633569,50.966087],[11.633798,50.966041],[11.634237,50.96655],[11.635275,50.96719],[11.635944,50.967852],[11.636324,50.968008],[11.637245,50.968053],[11.637744,50.967742],[11.638694,50.966857],[11.641189,50.965864],[11.642036,50.965358],[11.642896,50.964631],[11.64314,50.964579],[11.643639,50.964681],[11.644539,50.965095],[11.645709,50.96584],[11.646129,50.966461],[11.646274,50.968164],[11.647084,50.96939],[11.648043,50.969023],[11.647973,50.968968],[11.648886,50.968284],[11.64934,50.968453],[11.64983,50.967942],[11.649521,50.967604],[11.651386,50.965639],[11.652639,50.964059],[11.6518,50.963748],[11.652142,50.963301],[11.651208,50.963136],[11.650472,50.96285],[11.650436,50.962378],[11.649096,50.962033],[11.648958,50.962255],[11.648188,50.961937],[11.646842,50.961593],[11.647113,50.961405],[11.646776,50.960747],[11.647471,50.960865],[11.647698,50.961069],[11.64791,50.961062],[11.648192,50.960869],[11.648514,50.960796],[11.649074,50.96096],[11.649231,50.961041],[11.649121,50.961191],[11.649755,50.961772],[11.652187,50.962394],[11.653892,50.962295],[11.654778,50.961987],[11.655694,50.961178],[11.657828,50.961326],[11.658304,50.961009],[11.658908,50.96094],[11.6608,50.960378],[11.661032,50.960269],[11.661275,50.959847],[11.662188,50.959208],[11.662305,50.958711],[11.663171,50.957704],[11.664055,50.957738],[11.665328,50.958097],[11.666456,50.957294],[11.667225,50.956997],[11.66715,50.956867],[11.667433,50.956759],[11.66751,50.95605],[11.666491,50.955245],[11.666718,50.955091],[11.668079,50.955117],[11.667082,50.953702],[11.666002,50.953944],[11.662834,50.954275],[11.661898,50.954358],[11.661047,50.954321],[11.660471,50.951655],[11.660744,50.951687],[11.660318,50.950185],[11.66045,50.950174],[11.660514,50.949857],[11.658504,50.950003],[11.658411,50.949654],[11.656867,50.949808],[11.656907,50.949671],[11.651966,50.950457],[11.650973,50.95069],[11.650472,50.94989],[11.650303,50.948593],[11.649923,50.94803],[11.649561,50.948108],[11.649426,50.94754],[11.649846,50.947355],[11.650295,50.947288],[11.649986,50.946116],[11.650177,50.946082],[11.650106,50.945716],[11.649584,50.945816]]]}"
141,3,Maua,c0c28807-1dbd-4de7-8b24-07f3d73a49f0,"{""type"":""Polygon"",""bbox"":[11.560167,50.856092,11.612907,50.878453],""coordinates"":[[[11.585179,50.864427],[11.585771,50.864591],[11.585949,50.86515],[11.587145,50.867239],[11.587915,50.87017],[11.587851,50.870669],[11.590242,50.870941],[11.593966,50.871858],[11.59564,50.872353],[11.596225,50.872617],[11.59762,50.87294],[11.598474,50.873578],[11.597538,50.874073],[11.596376,50.875495],[11.595463,50.87621],[11.595003,50.876728],[11.598822,50.876205],[11.599601,50.878453],[11.600658,50.878391],[11.60144,50.878099],[11.601589,50.87763],[11.601358,50.877348],[11.601844,50.877266],[11.601898,50.876949],[11.602502,50.876841],[11.603302,50.876965],[11.604045,50.876425],[11.604993,50.876378],[11.605008,50.876164],[11.605155,50.876049],[11.60559,50.876026],[11.605795,50.875729],[11.60604,50.875715],[11.606407,50.875888],[11.606804,50.875869],[11.607046,50.875808],[11.607586,50.875371],[11.608014,50.875633],[11.608549,50.87556],[11.60879,50.875193],[11.608661,50.874949],[11.608036,50.874398],[11.608202,50.873917],[11.609515,50.873304],[11.61011,50.873189],[11.610634,50.873195],[11.611153,50.872988],[11.611063,50.87219],[11.608404,50.872881],[11.607848,50.872922],[11.607818,50.872253],[11.608008,50.871805],[11.607077,50.870067],[11.607177,50.869411],[11.609331,50.866845],[11.612226,50.864691],[11.612907,50.864065],[11.612113,50.863611],[11.609931,50.862869],[11.605163,50.861433],[11.602812,50.861024],[11.602019,50.860753],[11.597032,50.860107],[11.589367,50.859307],[11.588354,50.859172],[11.586882,50.858774],[11.585938,50.858637],[11.581913,50.858491],[11.576115,50.857874],[11.572986,50.8574],[11.569773,50.857172],[11.568129,50.856742],[11.56437,50.85614],[11.562583,50.856092],[11.560167,50.857195],[11.562935,50.859289],[11.564369,50.86023],[11.566851,50.860855],[11.574522,50.862179],[11.576452,50.862837],[11.579455,50.863558],[11.582559,50.864087],[11.584485,50.864235],[11.585179,50.864427]]]}"
83,4,Wenigenjena / Schlegelsberg,b0797be0-4dcb-4e1d-995f-1dc1ff0d292d,"{""type"":""Polygon"",""bbox"":[11.604789,50.923689,11.634408,50.946189],""coordinates"":[[[11.63376,50.925172],[11.6335,50.924045],[11.632726,50.924022],[11.63189,50.923857],[11.629573,50.923794],[11.629329,50.924016],[11.628233,50.924111],[11.62599,50.9237],[11.621399,50.923845],[11.621467,50.923689],[11.619473,50.923799],[11.617246,50.92432],[11.616841,50.924588],[11.61654,50.924579],[11.615754,50.924186],[11.615937,50.923983],[11.614657,50.924097],[11.614592,50.923968],[11.613483,50.924085],[11.611963,50.924037],[11.610889,50.924219],[11.610813,50.924363],[11.609296,50.924295],[11.60734,50.924726],[11.607166,50.925229],[11.606922,50.925279],[11.608336,50.925733],[11.609878,50.925816],[11.610563,50.925727],[11.610557,50.926611],[11.610924,50.927598],[11.6094,50.927846],[11.609717,50.92877],[11.609336,50.928973],[11.608447,50.929212],[11.607921,50.92983],[11.60679,50.930468],[11.60618,50.930966],[11.604789,50.931467],[11.605253,50.931725],[11.607033,50.933806],[11.606794,50.933893],[11.607061,50.934398],[11.60637,50.934395],[11.6067,50.9346],[11.60651,50.934615],[11.605989,50.935064],[11.606356,50.93499],[11.607032,50.935077],[11.608444,50.935728],[11.608741,50.935931],[11.609036,50.936551],[11.609351,50.939108],[11.608833,50.941058],[11.608991,50.941433],[11.610404,50.943553],[11.611949,50.944843],[11.612761,50.945274],[11.613841,50.945683],[11.6149,50.945931],[11.617253,50.946189],[11.617675,50.946045],[11.616943,50.946027],[11.618098,50.945312],[11.618465,50.945566],[11.619909,50.944783],[11.620283,50.944939],[11.621253,50.943791],[11.621959,50.943259],[11.622882,50.942243],[11.623608,50.942506],[11.625068,50.941553],[11.624932,50.940554],[11.624312,50.939945],[11.624527,50.938927],[11.62624,50.939118],[11.62761,50.939158],[11.628782,50.939392],[11.630247,50.939518],[11.632829,50.93905],[11.633341,50.938886],[11.634263,50.938851],[11.634,50.937277],[11.634408,50.93733],[11.634313,50.936298],[11.634054,50.936116],[11.633577,50.935378],[11.633216,50.933817],[11.632359,50.933769],[11.632256,50.933499],[11.633106,50.933326],[11.632992,50.932955],[11.63392,50.932866],[11.633612,50.932486],[11.634023,50.93244],[11.634018,50.931523],[11.633761,50.931401],[11.633641,50.930847],[11.634136,50.928893],[11.633826,50.928618],[11.634068,50.926282],[11.63376,50.925172]]]}"
44,5,Jena-Süd,2cb2607f-7c6f-4f90-87d2-2c19cf3e4db0,"{""type"":""Polygon"",""bbox"":[11.524907,50.914749,11.585698,50.938623],""coordinates"":[[[11.542584,50.915323],[11.542141,50.915138],[11.541279,50.914977],[11.540814,50.915437],[11.539396,50.914749],[11.538356,50.915219],[11.538017,50.91519],[11.537643,50.914946],[11.534718,50.916136],[11.533036,50.916604],[11.532702,50.916867],[11.532514,50.9173],[11.532109,50.917596],[11.532247,50.917915],[11.530099,50.918441],[11.528706,50.918618],[11.527808,50.91853],[11.52677,50.917464],[11.526164,50.917491],[11.52578,50.917824],[11.525367,50.918009],[11.525622,50.918366],[11.525124,50.918515],[11.525242,50.918983],[11.524931,50.919171],[11.525008,50.919524],[11.524907,50.91967],[11.525231,50.92],[11.526716,50.921004],[11.527765,50.922726],[11.529363,50.923946],[11.531073,50.924925],[11.531238,50.924829],[11.532168,50.92507],[11.532717,50.925653],[11.535336,50.925699],[11.533133,50.927451],[11.536247,50.929769],[11.536705,50.930489],[11.53687,50.931489],[11.535731,50.931424],[11.534659,50.932663],[11.537282,50.935089],[11.538451,50.936075],[11.539995,50.937174],[11.541351,50.937784],[11.544075,50.93849],[11.545093,50.938623],[11.545409,50.938313],[11.546432,50.937819],[11.547533,50.937681],[11.546181,50.935186],[11.546076,50.934389],[11.546181,50.933947],[11.546787,50.933478],[11.54682,50.932505],[11.547522,50.932318],[11.547817,50.932114],[11.548356,50.931302],[11.550104,50.930408],[11.550965,50.930199],[11.5514,50.930242],[11.551024,50.930975],[11.55142,50.931168],[11.551708,50.931465],[11.552887,50.933084],[11.555859,50.934772],[11.557162,50.93523],[11.557274,50.935049],[11.558622,50.934276],[11.559863,50.933745],[11.563213,50.932678],[11.568725,50.929952],[11.574565,50.928797],[11.575996,50.928285],[11.576916,50.927575],[11.576949,50.927377],[11.577317,50.927261],[11.577944,50.926362],[11.578201,50.926279],[11.580589,50.926182],[11.581582,50.926037],[11.582046,50.925647],[11.582418,50.925786],[11.582537,50.925162],[11.582304,50.924664],[11.582309,50.924305],[11.583039,50.923336],[11.584808,50.922686],[11.585229,50.922687],[11.585224,50.922433],[11.585698,50.921542],[11.585662,50.920886],[11.585246,50.920336],[11.583519,50.919281],[11.582512,50.918808],[11.581216,50.918401],[11.580822,50.918409],[11.580507,50.918022],[11.579899,50.91819],[11.580074,50.918493],[11.578941,50.918607],[11.578148,50.918542],[11.577765,50.918375],[11.576477,50.918424],[11.576461,50.918184],[11.574623,50.918016],[11.573976,50.917997],[11.572933,50.918325],[11.573111,50.918551],[11.57238,50.91872],[11.571567,50.91848],[11.569372,50.918282],[11.569529,50.919511],[11.568832,50.91923],[11.56826,50.919268],[11.567137,50.919178],[11.566235,50.918967],[11.565452,50.918671],[11.564609,50.91859],[11.562648,50.918643],[11.56201,50.918723],[11.561523,50.918927],[11.559221,50.918634],[11.559301,50.918697],[11.557526,50.918504],[11.556663,50.91851],[11.55659,50.919223],[11.555479,50.919165],[11.551012,50.918443],[11.549642,50.918411],[11.549449,50.919069],[11.549039,50.919081],[11.547835,50.918902],[11.547004,50.918584],[11.546949,50.918657],[11.545862,50.918482],[11.544722,50.918418],[11.544682,50.918333],[11.544406,50.91831],[11.543411,50.91834],[11.542584,50.915323]]]}"
90,6,Winzerla,5cb2704b-f535-4659-97c2-3456ef0a2411,"{""type"":""Polygon"",""bbox"":[11.552078,50.874004,11.593817,50.912051],""coordinates"":[[[11.564047,50.874354],[11.563879,50.87603],[11.563147,50.877995],[11.561944,50.880071],[11.559501,50.881522],[11.558988,50.882437],[11.559132,50.884206],[11.560248,50.88559],[11.561139,50.886023],[11.561488,50.886354],[11.561485,50.887195],[11.560304,50.887986],[11.561219,50.888733],[11.559455,50.888946],[11.558915,50.888847],[11.558395,50.889093],[11.559114,50.889961],[11.558668,50.890406],[11.55768,50.89052],[11.55697,50.89085],[11.555293,50.891039],[11.554273,50.891433],[11.554792,50.891768],[11.554088,50.892089],[11.554168,50.892206],[11.552078,50.893056],[11.55407,50.894335],[11.555135,50.895571],[11.554381,50.897033],[11.558435,50.896674],[11.562192,50.898678],[11.561974,50.898647],[11.561706,50.898764],[11.562628,50.899173],[11.564199,50.899619],[11.565279,50.900165],[11.565788,50.900651],[11.566822,50.900308],[11.567161,50.900334],[11.567332,50.900446],[11.568322,50.899482],[11.569215,50.899829],[11.568798,50.900487],[11.569319,50.900621],[11.569507,50.900326],[11.569807,50.900413],[11.569926,50.900754],[11.570511,50.90137],[11.570243,50.902999],[11.570365,50.90333],[11.570545,50.903292],[11.570488,50.902491],[11.570684,50.901579],[11.570463,50.901022],[11.571393,50.900597],[11.572056,50.900573],[11.57264,50.900801],[11.57387,50.902279],[11.573667,50.90233],[11.574436,50.904807],[11.574156,50.907995],[11.575589,50.908097],[11.574545,50.908876],[11.574476,50.909177],[11.574263,50.909151],[11.573983,50.909245],[11.573904,50.90977],[11.574606,50.910493],[11.57486,50.911377],[11.575483,50.912051],[11.576092,50.910651],[11.576043,50.909851],[11.576271,50.908913],[11.576107,50.908992],[11.57613,50.908903],[11.576493,50.908486],[11.576544,50.908255],[11.579041,50.90685],[11.57928,50.906631],[11.579444,50.906216],[11.579621,50.905411],[11.579425,50.904914],[11.577549,50.903709],[11.577667,50.903087],[11.578479,50.900976],[11.579373,50.899339],[11.57998,50.898994],[11.58089,50.897868],[11.581785,50.897336],[11.582715,50.896503],[11.583066,50.895955],[11.583458,50.894819],[11.584902,50.893278],[11.584994,50.892954],[11.587521,50.893266],[11.587975,50.893224],[11.589981,50.893983],[11.590434,50.894317],[11.590597,50.894221],[11.591207,50.89461],[11.591673,50.894622],[11.591638,50.894453],[11.591354,50.894213],[11.591662,50.893133],[11.592028,50.890906],[11.593568,50.891007],[11.593817,50.889493],[11.592376,50.889396],[11.592568,50.889055],[11.592779,50.889035],[11.592428,50.888944],[11.592575,50.888396],[11.59174,50.887808],[11.591722,50.887912],[11.590436,50.887774],[11.590513,50.887249],[11.590358,50.887199],[11.590289,50.88758],[11.588986,50.887486],[11.589101,50.886843],[11.587755,50.886508],[11.587277,50.886251],[11.58582,50.884951],[11.58471,50.883304],[11.582592,50.881259],[11.580316,50.881143],[11.578462,50.880512],[11.576293,50.880658],[11.572497,50.878962],[11.567877,50.876463],[11.570773,50.874004],[11.564047,50.874354]]]}"
120,2,Zwätzen,93adc923-acde-4ad8-83c2-34d7102197b0,"{""type"":""Polygon"",""bbox"":[11.592063,50.951985,11.635349,50.976872],""coordinates"":[[[11.613591,50.954122],[11.611109,50.955164],[11.610984,50.955755],[11.610508,50.955631],[11.60774,50.956873],[11.607569,50.957146],[11.607137,50.957389],[11.606297,50.957363],[11.605934,50.957618],[11.60532,50.957558],[11.604815,50.957828],[11.604627,50.957829],[11.603444,50.957647],[11.602586,50.957368],[11.601756,50.957627],[11.601647,50.957321],[11.601139,50.957523],[11.600632,50.957586],[11.600212,50.957819],[11.599639,50.957721],[11.599068,50.957938],[11.598449,50.957812],[11.597771,50.957971],[11.595345,50.95801],[11.593964,50.958416],[11.592938,50.958603],[11.59278,50.958962],[11.592905,50.959062],[11.592365,50.959429],[11.592371,50.9605],[11.592063,50.96059],[11.59218,50.960737],[11.59224,50.961603],[11.592529,50.961801],[11.592487,50.96198],[11.592804,50.96202],[11.593278,50.962226],[11.593476,50.962437],[11.593818,50.962487],[11.594156,50.962697],[11.594368,50.963005],[11.594289,50.963308],[11.593946,50.963689],[11.593954,50.964176],[11.593424,50.964824],[11.593516,50.965033],[11.59386,50.965259],[11.593938,50.965954],[11.593659,50.96608],[11.593621,50.966218],[11.594153,50.966821],[11.594346,50.967258],[11.594291,50.96746],[11.594928,50.967777],[11.594977,50.9682],[11.595659,50.968608],[11.595372,50.9689],[11.595103,50.969671],[11.595294,50.970663],[11.598547,50.970411],[11.598636,50.970665],[11.599119,50.970558],[11.604063,50.971725],[11.60445,50.971302],[11.606886,50.972178],[11.606741,50.972338],[11.607294,50.972536],[11.607168,50.97269],[11.607893,50.972952],[11.608119,50.972709],[11.609218,50.972911],[11.615838,50.97513],[11.615495,50.97555],[11.616527,50.976593],[11.617241,50.976872],[11.619456,50.975658],[11.621677,50.974792],[11.623721,50.973693],[11.629058,50.971888],[11.630223,50.971379],[11.632741,50.97018],[11.635349,50.968691],[11.634353,50.967879],[11.633848,50.967091],[11.633557,50.966498],[11.633571,50.966019],[11.633054,50.964417],[11.633213,50.963917],[11.634743,50.962853],[11.635048,50.962234],[11.634902,50.961983],[11.633833,50.961275],[11.633397,50.960856],[11.633139,50.960072],[11.633186,50.959406],[11.63411,50.957554],[11.633956,50.956393],[11.633612,50.956147],[11.631057,50.955141],[11.628602,50.954354],[11.628036,50.953471],[11.627938,50.95213],[11.627426,50.952112],[11.623203,50.952822],[11.622726,50.952982],[11.621672,50.952584],[11.620729,50.951985],[11.616005,50.953271],[11.613591,50.954122]]]}"
11,3,Ammerbach Ort,365062dc-1500-45b6-8eaf-70b2c1691a35,"{""type"":""Polygon"",""bbox"":[11.504092,50.895368,11.566935,50.913474],""coordinates"":[[[11.554532,50.90168],[11.554127,50.901214],[11.554528,50.900991],[11.554196,50.900806],[11.553101,50.899564],[11.552797,50.898849],[11.552712,50.896565],[11.552282,50.896421],[11.551836,50.896126],[11.551464,50.896398],[11.550654,50.895844],[11.550172,50.89619],[11.550001,50.89586],[11.549749,50.895793],[11.548798,50.896242],[11.548026,50.896414],[11.547431,50.89628],[11.544954,50.895368],[11.542608,50.895993],[11.541526,50.895805],[11.540404,50.89597],[11.540749,50.896473],[11.540567,50.896535],[11.54203,50.897826],[11.54066,50.898225],[11.540999,50.898748],[11.541198,50.899531],[11.54108,50.900253],[11.541148,50.901313],[11.540578,50.901684],[11.53719,50.90164],[11.535231,50.901289],[11.530252,50.901846],[11.529464,50.902023],[11.526186,50.902341],[11.522933,50.903903],[11.523349,50.904504],[11.522543,50.904434],[11.522427,50.90488],[11.521146,50.905783],[11.51895,50.905191],[11.517241,50.904858],[11.513599,50.903797],[11.51147,50.905539],[11.511694,50.906269],[11.510561,50.906379],[11.510615,50.906564],[11.50856,50.906702],[11.507924,50.906704],[11.507696,50.906601],[11.506708,50.906938],[11.505393,50.906239],[11.504333,50.905819],[11.504098,50.906495],[11.504185,50.906948],[11.504092,50.907269],[11.504276,50.907497],[11.505382,50.908132],[11.505481,50.908525],[11.50528,50.908865],[11.507127,50.910712],[11.507056,50.911474],[11.507383,50.913114],[11.508475,50.913437],[11.50914,50.913474],[11.509967,50.913332],[11.511671,50.912817],[11.513102,50.912643],[11.513641,50.912461],[11.516359,50.913023],[11.518141,50.913258],[11.519234,50.913261],[11.523311,50.912463],[11.526255,50.91212],[11.526344,50.912095],[11.525979,50.911704],[11.52578,50.91163],[11.525263,50.911087],[11.524727,50.910095],[11.52471,50.909722],[11.526668,50.909192],[11.528186,50.90914],[11.528868,50.908662],[11.530769,50.909893],[11.532192,50.910479],[11.536595,50.911412],[11.538296,50.911976],[11.539526,50.912041],[11.542292,50.912972],[11.549484,50.91145],[11.556112,50.910784],[11.557463,50.91089],[11.560743,50.911368],[11.56291,50.911518],[11.564749,50.912197],[11.56533,50.912274],[11.565757,50.912226],[11.566935,50.912521],[11.566636,50.912208],[11.565377,50.911506],[11.564079,50.909826],[11.562613,50.90921],[11.563746,50.907839],[11.563981,50.907932],[11.564818,50.906646],[11.563154,50.906306],[11.564127,50.904987],[11.563114,50.904886],[11.563125,50.903904],[11.563138,50.903743],[11.563784,50.90367],[11.56375,50.902355],[11.564245,50.902265],[11.564213,50.901758],[11.56298,50.901862],[11.561666,50.901597],[11.559324,50.9015],[11.558811,50.901636],[11.557151,50.901813],[11.556607,50.901962],[11.554532,50.90168]]]}"
161,3,Krippendorf,9fe28a78-03de-4c60-a506-cc7957bdc245,"{""type"":""Polygon"",""bbox"":[11.531764,50.961951,11.566805,50.989178],""coordinates"":[[[11.564182,50.964186],[11.563862,50.96335],[11.562239,50.961951],[11.55933,50.963777],[11.556454,50.964913],[11.555919,50.965029],[11.555307,50.965751],[11.55378,50.965341],[11.549666,50.964691],[11.545845,50.963434],[11.544348,50.966006],[11.54241,50.969836],[11.543112,50.970108],[11.541891,50.971751],[11.540645,50.97393],[11.542955,50.974185],[11.541364,50.977098],[11.536965,50.976214],[11.533496,50.980488],[11.531764,50.982878],[11.536269,50.984001],[11.5406,50.984938],[11.539994,50.985878],[11.544787,50.986772],[11.547144,50.987308],[11.546371,50.988932],[11.547423,50.989178],[11.549129,50.986247],[11.551923,50.983083],[11.551431,50.982935],[11.553258,50.980976],[11.554197,50.97976],[11.555134,50.97817],[11.554874,50.977976],[11.556748,50.975568],[11.557891,50.973177],[11.559089,50.971523],[11.559497,50.971671],[11.559712,50.971421],[11.560155,50.971535],[11.561934,50.969554],[11.563609,50.969956],[11.565332,50.96753],[11.566805,50.966049],[11.564773,50.964849],[11.564182,50.964186]]]}"
182,3,Lützeroda,f175ddfe-c293-48a8-b93f-24152e2cdcb7,"{""type"":""Polygon"",""bbox"":[11.543377,50.953271,11.567032,50.965751],""coordinates"":[[[11.543571,50.953306],[11.543377,50.953271],[11.543964,50.955316],[11.544025,50.957405],[11.543904,50.958604],[11.545602,50.958886],[11.544449,50.961328],[11.543529,50.962764],[11.549666,50.964691],[11.55378,50.965341],[11.555307,50.965751],[11.555919,50.965029],[11.556454,50.964913],[11.55933,50.963777],[11.562239,50.961951],[11.563862,50.96335],[11.565895,50.959241],[11.567032,50.957385],[11.565555,50.95743],[11.565646,50.955892],[11.562898,50.956382],[11.562394,50.956148],[11.561907,50.95607],[11.562037,50.955682],[11.560599,50.955605],[11.557889,50.95587],[11.557763,50.956027],[11.556595,50.956052],[11.554369,50.955704],[11.552754,50.95565],[11.551098,50.955467],[11.547351,50.954273],[11.543571,50.953306]]]}"
202,3,Wogau,f96d6c02-ce62-4047-9f2c-20075bef99ec,"{""type"":""Polygon"",""bbox"":[11.653046,50.918419,11.670695,50.938779],""coordinates"":[[[11.670299,50.923535],[11.67051,50.922108],[11.670695,50.922105],[11.67038,50.920681],[11.669284,50.920494],[11.668214,50.920527],[11.66648,50.92008],[11.66548,50.919684],[11.663682,50.919204],[11.662343,50.918419],[11.661224,50.920574],[11.66093,50.923595],[11.661147,50.924687],[11.660572,50.924944],[11.659175,50.925127],[11.658774,50.925673],[11.658138,50.926002],[11.65857,50.926871],[11.657859,50.926977],[11.655234,50.927773],[11.653046,50.928023],[11.653412,50.929279],[11.653394,50.929662],[11.653614,50.92979],[11.653442,50.929881],[11.65401,50.93081],[11.654502,50.932366],[11.654396,50.932846],[11.654615,50.933311],[11.654979,50.933342],[11.656104,50.934318],[11.656545,50.93495],[11.656873,50.935978],[11.656804,50.938762],[11.658281,50.938736],[11.660055,50.938558],[11.66221,50.938779],[11.662952,50.938757],[11.66525,50.93857],[11.665486,50.938347],[11.667548,50.938072],[11.667302,50.93756],[11.667242,50.934493],[11.667787,50.932484],[11.668361,50.929183],[11.669166,50.926944],[11.669863,50.925438],[11.670243,50.924298],[11.670143,50.924262],[11.670299,50.923535]]]}"
71,2,Löbstedt Ort,4dba58c5-e94c-411b-8c1b-cfd2fa9b7ba0,"{""type"":""Polygon"",""bbox"":[11.607670,50.948377,11.628142,50.956651],""coordinates"":[[[11.618497,50.952586],[11.620729,50.951985],[11.621672,50.952584],[11.622769,50.95298],[11.623203,50.952822],[11.627426,50.952112],[11.628142,50.952127],[11.627864,50.951556],[11.62737,50.951249],[11.62699,50.95083],[11.626101,50.949201],[11.625274,50.948564],[11.621966,50.94862],[11.621315,50.948377],[11.620711,50.948645],[11.61657,50.949914],[11.615647,50.950322],[11.615373,50.95017],[11.615256,50.950225],[11.614982,50.950127],[11.614561,50.949869],[11.61331,50.950399],[11.612901,50.950004],[11.611892,50.950433],[11.611263,50.949869],[11.609224,50.9505],[11.608955,50.950788],[11.608195,50.951094],[11.610841,50.952995],[11.607741,50.955284],[11.60767,50.955436],[11.607822,50.955839],[11.608296,50.956651],[11.610508,50.955631],[11.610984,50.955755],[11.611109,50.955164],[11.614291,50.953821],[11.618497,50.952586]]]}"
22,6,Ringwiese Flur Burgau,0ea1d257-8663-4223-b1db-fcd1b67151a8,"{""type"":""Polygon"",""bbox"":[11.575483,50.892954,11.590755,50.913964],""coordinates"":[[[11.590755,50.894392],[11.590597,50.894221],[11.590434,50.894317],[11.589981,50.893983],[11.587975,50.893224],[11.587521,50.893266],[11.584994,50.892954],[11.584902,50.893278],[11.583458,50.894819],[11.583066,50.895955],[11.582715,50.896503],[11.581785,50.897336],[11.58089,50.897868],[11.57998,50.898994],[11.579373,50.899339],[11.578479,50.900976],[11.577667,50.903087],[11.577549,50.903709],[11.578271,50.904248],[11.579253,50.904748],[11.579531,50.905082],[11.579612,50.905529],[11.57928,50.906631],[11.57875,50.907047],[11.576544,50.908255],[11.576493,50.908486],[11.57613,50.908903],[11.576107,50.908992],[11.576271,50.908913],[11.576043,50.909851],[11.576092,50.910651],[11.575483,50.912051],[11.575603,50.912822],[11.576092,50.913824],[11.576017,50.913962],[11.576885,50.913964],[11.577585,50.913809],[11.576775,50.913273],[11.576218,50.912599],[11.576263,50.911876],[11.576839,50.911163],[11.577984,50.91077],[11.579863,50.91039],[11.581361,50.909843],[11.582313,50.909216],[11.583054,50.907732],[11.583352,50.907596],[11.583764,50.90759],[11.583808,50.907403],[11.584024,50.90732],[11.584377,50.905211],[11.582785,50.905056],[11.586025,50.900715],[11.586037,50.900502],[11.586205,50.900514],[11.587702,50.898547],[11.588242,50.897897],[11.588405,50.897841],[11.590755,50.894392]]]}"
30,3,Göschwitz,2e826777-02a2-4959-bd52-dfa8766e1d25,"{""type"":""Polygon"",""bbox"":[11.567877,50.870669,11.602513,50.888396],""coordinates"":[[[11.59575,50.87242],[11.593966,50.871858],[11.590815,50.871053],[11.589402,50.870808],[11.587851,50.870669],[11.587633,50.87141],[11.586955,50.872678],[11.585986,50.873556],[11.585015,50.874137],[11.582715,50.873585],[11.581445,50.873434],[11.571281,50.873895],[11.570773,50.874004],[11.567877,50.876463],[11.572497,50.878962],[11.576293,50.880658],[11.578462,50.880512],[11.580316,50.881143],[11.582592,50.881259],[11.58471,50.883304],[11.58582,50.884951],[11.587277,50.886251],[11.587755,50.886508],[11.589101,50.886843],[11.588986,50.887486],[11.590289,50.88758],[11.590358,50.887199],[11.590513,50.887249],[11.590436,50.887774],[11.591722,50.887912],[11.59174,50.887808],[11.592575,50.888396],[11.593092,50.887639],[11.593417,50.885927],[11.599445,50.886344],[11.599457,50.886265],[11.600674,50.886344],[11.600663,50.886412],[11.602513,50.886537],[11.60244,50.885866],[11.602117,50.885159],[11.600656,50.883477],[11.599447,50.882718],[11.598813,50.881389],[11.598347,50.8811],[11.598108,50.880786],[11.597305,50.880851],[11.596691,50.881271],[11.596428,50.8811],[11.59605,50.880537],[11.595498,50.879051],[11.594876,50.8783],[11.594757,50.877385],[11.595249,50.876405],[11.596376,50.875495],[11.597538,50.874073],[11.598474,50.873578],[11.59762,50.87294],[11.596225,50.872617],[11.59575,50.87242]]]}"
52,5,Mühlenstraße,70bf14eb-4033-4f2a-b2b4-3ac6ec1699e9,"{""type"":""Polygon"",""bbox"":[11.568657,50.912642,11.580074,50.918720],""coordinates"":[[[11.570717,50.913124],[11.568956,50.912642],[11.568657,50.912924],[11.569061,50.913486],[11.568762,50.914173],[11.56879,50.914444],[11.569207,50.914674],[11.570348,50.914986],[11.570245,50.915112],[11.570283,50.915605],[11.569959,50.915811],[11.569332,50.915949],[11.569296,50.916199],[11.56912,50.916184],[11.569372,50.918282],[11.571567,50.91848],[11.57238,50.91872],[11.573111,50.918551],[11.572933,50.918325],[11.573976,50.917997],[11.576461,50.918184],[11.576477,50.918424],[11.577765,50.918375],[11.5785,50.918596],[11.580074,50.918493],[11.578996,50.916549],[11.578781,50.916601],[11.578442,50.916158],[11.578271,50.916165],[11.577039,50.915579],[11.575923,50.914944],[11.575075,50.913966],[11.574936,50.913424],[11.574185,50.913403],[11.574016,50.913567],[11.573507,50.913727],[11.572648,50.913723],[11.572562,50.913827],[11.571925,50.913592],[11.572183,50.91336],[11.570717,50.913124]]]}"
21,6,Burgau Ort,a967f3ea-3734-4efd-af92-b0bd6fafdc3d,"{""type"":""Polygon"",""bbox"":[11.582785,50.890906,11.599022,50.907657],""coordinates"":[[[11.598732,50.895543],[11.598634,50.895006],[11.598253,50.894509],[11.597089,50.893743],[11.596762,50.893378],[11.595738,50.893249],[11.593674,50.891549],[11.593558,50.891423],[11.593568,50.891007],[11.592028,50.890906],[11.591662,50.893133],[11.591354,50.894213],[11.591692,50.894597],[11.591363,50.894658],[11.590755,50.894392],[11.590608,50.894557],[11.590244,50.895246],[11.588405,50.897841],[11.588242,50.897897],[11.587702,50.898547],[11.586205,50.900514],[11.586037,50.900502],[11.586025,50.900715],[11.582785,50.905056],[11.584377,50.905211],[11.584024,50.90732],[11.583808,50.907403],[11.583764,50.90759],[11.585398,50.907657],[11.587004,50.907364],[11.587346,50.90718],[11.587507,50.906943],[11.588018,50.905462],[11.588537,50.904934],[11.589129,50.904551],[11.58989,50.904389],[11.592176,50.90446],[11.593242,50.904238],[11.593842,50.903985],[11.594866,50.903323],[11.597491,50.901883],[11.598024,50.901488],[11.598377,50.901104],[11.598635,50.900583],[11.598608,50.899743],[11.599022,50.897856],[11.598934,50.896685],[11.598669,50.895971],[11.598732,50.895543]]]}"
142,3,Leutra,7b1ba2fc-ad83-4178-87c1-aa1604ac89e9,"{""type"":""Polygon"",""bbox"":[11.526475,50.857195,11.587915,50.874622],""coordinates"":[[[11.560167,50.857195],[11.559791,50.857488],[11.559205,50.859327],[11.556814,50.858969],[11.556887,50.858691],[11.552809,50.858328],[11.552602,50.858982],[11.550419,50.858677],[11.549809,50.859444],[11.54904,50.85924],[11.547485,50.859315],[11.546999,50.859464],[11.547215,50.859946],[11.547452,50.860101],[11.546993,50.860109],[11.546461,50.859985],[11.546296,50.860036],[11.546102,50.860529],[11.544485,50.860807],[11.544518,50.860957],[11.542238,50.861223],[11.542795,50.862228],[11.541902,50.862231],[11.541231,50.861989],[11.539784,50.862],[11.53969,50.861553],[11.537882,50.861875],[11.537087,50.861929],[11.537,50.86181],[11.535437,50.862158],[11.535617,50.862576],[11.532717,50.862716],[11.531688,50.862638],[11.530205,50.862783],[11.528425,50.862658],[11.52847,50.862336],[11.528287,50.862088],[11.528048,50.862088],[11.527447,50.862316],[11.527067,50.862571],[11.526475,50.863346],[11.530787,50.865968],[11.530533,50.867182],[11.529968,50.868862],[11.529658,50.86885],[11.529583,50.869704],[11.531678,50.869903],[11.533716,50.870355],[11.534754,50.870454],[11.534776,50.870093],[11.537126,50.868773],[11.540023,50.86905],[11.544523,50.868547],[11.549454,50.868695],[11.552207,50.869854],[11.552299,50.870365],[11.552727,50.870194],[11.554314,50.870186],[11.555169,50.870879],[11.556175,50.870698],[11.557037,50.871251],[11.557273,50.871681],[11.558826,50.871439],[11.560372,50.871913],[11.56071,50.872698],[11.56053,50.873967],[11.561433,50.874622],[11.564047,50.874354],[11.570773,50.874004],[11.571281,50.873895],[11.581445,50.873434],[11.582715,50.873585],[11.585015,50.874137],[11.585284,50.874014],[11.586354,50.87327],[11.587213,50.872306],[11.587633,50.87141],[11.587915,50.87017],[11.587145,50.867239],[11.585949,50.86515],[11.585771,50.864591],[11.584485,50.864235],[11.582559,50.864087],[11.579455,50.863558],[11.576452,50.862837],[11.574522,50.862179],[11.566851,50.860855],[11.564369,50.86023],[11.562935,50.859289],[11.560167,50.857195]]]}"
133,3,Ilmnitz,e7afc595-e263-4d92-95b0-9a5d19ed2f3a,"{""type"":""Polygon"",""bbox"":[11.638833,50.878867,11.663763,50.891823],""coordinates"":[[[11.660754,50.888731],[11.66133,50.887141],[11.661946,50.886226],[11.661733,50.885484],[11.662315,50.884358],[11.662512,50.883058],[11.663064,50.882593],[11.663327,50.882213],[11.66352,50.881477],[11.663681,50.881469],[11.663763,50.881279],[11.662274,50.880715],[11.661725,50.880704],[11.661143,50.880548],[11.66064,50.880668],[11.66045,50.880518],[11.659661,50.88039],[11.659307,50.880217],[11.658581,50.880241],[11.658438,50.879992],[11.657821,50.879792],[11.657357,50.879801],[11.656895,50.879387],[11.65572,50.879029],[11.654865,50.880265],[11.654104,50.880264],[11.653688,50.880161],[11.653127,50.879682],[11.652585,50.879491],[11.652135,50.878867],[11.651652,50.879625],[11.650152,50.879462],[11.64994,50.879518],[11.650284,50.880129],[11.651713,50.881086],[11.651515,50.881145],[11.651375,50.881334],[11.650971,50.881176],[11.65018,50.881772],[11.649272,50.881195],[11.648647,50.880947],[11.647864,50.881358],[11.646936,50.882013],[11.647213,50.88239],[11.64741,50.882998],[11.646523,50.882857],[11.645551,50.882056],[11.645271,50.880804],[11.644921,50.880828],[11.644828,50.88047],[11.643803,50.879522],[11.643535,50.880353],[11.643346,50.880346],[11.643259,50.880687],[11.642489,50.881309],[11.642243,50.881974],[11.642425,50.882958],[11.642015,50.883287],[11.642385,50.882949],[11.641287,50.882709],[11.64075,50.88321],[11.639595,50.883733],[11.638845,50.884768],[11.638833,50.884996],[11.639081,50.885359],[11.64001,50.885406],[11.640417,50.885307],[11.641156,50.885283],[11.641459,50.88538],[11.641919,50.886339],[11.641517,50.886491],[11.641772,50.886449],[11.641601,50.886851],[11.641724,50.88746],[11.641679,50.888966],[11.642837,50.88933],[11.643932,50.890028],[11.644922,50.889976],[11.645571,50.890049],[11.647763,50.891021],[11.649035,50.891281],[11.653759,50.891795],[11.655944,50.891823],[11.658332,50.891661],[11.658962,50.891735],[11.660136,50.891561],[11.660392,50.889947],[11.660754,50.888731]]]}"
41,5,Jena-Zentrum,ab9a5a3f-2651-4efa-8755-cddcde29f6de,"{""type"":""Polygon"",""bbox"":[11.582304,50.922686,11.596191,50.935350],""coordinates"":[[[11.589615,50.924852],[11.588533,50.92452],[11.585956,50.923469],[11.58544,50.923117],[11.585229,50.922687],[11.584808,50.922686],[11.583039,50.923336],[11.582309,50.924305],[11.582304,50.924664],[11.582537,50.925162],[11.582388,50.925897],[11.583302,50.926107],[11.583428,50.926607],[11.583306,50.92777],[11.583198,50.927778],[11.583585,50.929063],[11.583319,50.929122],[11.583476,50.929417],[11.582514,50.929536],[11.5827,50.929797],[11.583418,50.9297],[11.583465,50.929828],[11.583191,50.929905],[11.583168,50.930403],[11.583382,50.931261],[11.583963,50.932119],[11.58427,50.933681],[11.584218,50.933922],[11.584354,50.934018],[11.584605,50.934002],[11.584624,50.933762],[11.586442,50.933894],[11.590064,50.933794],[11.590196,50.93391],[11.59047,50.933475],[11.590678,50.933439],[11.591225,50.934153],[11.591789,50.934599],[11.592605,50.934983],[11.594646,50.93535],[11.594607,50.935175],[11.594808,50.935088],[11.594407,50.934709],[11.59492,50.932975],[11.595599,50.932479],[11.596191,50.931316],[11.596133,50.928963],[11.595883,50.928595],[11.595537,50.927374],[11.595015,50.926858],[11.59423,50.926412],[11.592731,50.92585],[11.592175,50.925519],[11.59121,50.925193],[11.589615,50.924852]]]}"
181,3,Cospeda,f238edb5-f438-4203-9aab-0955ab905176,"{""type"":""Polygon"",""bbox"":[11.536419,50.940416,11.573884,50.956382],""coordinates"":[[[11.565276,50.942978],[11.563624,50.942538],[11.562475,50.942033],[11.561466,50.942084],[11.559714,50.941911],[11.559486,50.9427],[11.558005,50.942387],[11.557369,50.941876],[11.556578,50.941572],[11.555207,50.941622],[11.551916,50.941443],[11.551678,50.941624],[11.551167,50.94169],[11.549815,50.94138],[11.549357,50.941156],[11.548141,50.941022],[11.546273,50.940626],[11.545853,50.940416],[11.544291,50.941264],[11.542245,50.941543],[11.541337,50.941404],[11.539787,50.941938],[11.538536,50.942081],[11.538239,50.943691],[11.536419,50.945656],[11.536446,50.946396],[11.538927,50.950037],[11.538802,50.950964],[11.539637,50.952248],[11.539787,50.952718],[11.541215,50.952882],[11.544224,50.953422],[11.547351,50.954273],[11.551098,50.955467],[11.552754,50.95565],[11.554369,50.955704],[11.556595,50.956052],[11.557391,50.95606],[11.557763,50.956027],[11.557889,50.95587],[11.560599,50.955605],[11.562037,50.955682],[11.561907,50.95607],[11.562394,50.956148],[11.562898,50.956382],[11.565646,50.955892],[11.56576,50.955632],[11.567881,50.9558],[11.568618,50.953867],[11.569551,50.952748],[11.570372,50.950967],[11.571895,50.949549],[11.573884,50.947117],[11.573453,50.946764],[11.573521,50.94651],[11.572999,50.946274],[11.573272,50.946185],[11.572986,50.945929],[11.572524,50.945593],[11.572265,50.945589],[11.571911,50.945312],[11.572056,50.945221],[11.571834,50.945067],[11.571596,50.945241],[11.571449,50.945105],[11.571592,50.944757],[11.570997,50.944603],[11.571066,50.944447],[11.571516,50.944174],[11.57015,50.943625],[11.570258,50.943403],[11.566436,50.943016],[11.565509,50.943114],[11.565276,50.942978]]]}"
131,1,Drackendorf / Lobeda-Ost,2030059f-4f79-4857-9d75-e329e6a61186,"{""type"":""Polygon"",""bbox"":[11.622643,50.875225,11.643355,50.885855],""coordinates"":[[[11.637496,50.877267],[11.637721,50.875225],[11.635665,50.875482],[11.634349,50.875954],[11.63213,50.876447],[11.630766,50.876874],[11.627313,50.877301],[11.626401,50.878984],[11.625175,50.880199],[11.625017,50.880385],[11.625086,50.880445],[11.623175,50.880752],[11.623185,50.880664],[11.622882,50.880778],[11.62312,50.880895],[11.623366,50.88155],[11.623643,50.881583],[11.623977,50.881796],[11.623693,50.882316],[11.623434,50.882169],[11.623006,50.882423],[11.623186,50.882527],[11.623442,50.882514],[11.623609,50.882904],[11.623378,50.883],[11.622643,50.884831],[11.624222,50.884857],[11.625456,50.884996],[11.62614,50.884528],[11.628352,50.885833],[11.628674,50.885855],[11.629105,50.88538],[11.629032,50.884973],[11.629381,50.884903],[11.629391,50.884561],[11.629965,50.882956],[11.6303,50.883008],[11.630751,50.882737],[11.633575,50.882229],[11.633613,50.882562],[11.634302,50.882584],[11.634372,50.882768],[11.636597,50.882374],[11.636818,50.882422],[11.640474,50.881888],[11.640593,50.88202],[11.641673,50.881697],[11.641336,50.881396],[11.641681,50.880908],[11.641996,50.881086],[11.64257,50.8812],[11.643325,50.880599],[11.643355,50.880214],[11.643214,50.879993],[11.642301,50.879388],[11.641701,50.879112],[11.641455,50.879384],[11.638418,50.878712],[11.637305,50.878554],[11.637496,50.877267]]]}"
192,3,Laasan,c48a5669-c00e-4f42-8389-4d5a9f60c283,"{""type"":""Polygon"",""bbox"":[11.648145,50.938299,11.673166,50.954358],""coordinates"":[[[11.66876,50.942888],[11.668093,50.941472],[11.665984,50.940074],[11.66525,50.93857],[11.66221,50.938779],[11.660055,50.938558],[11.658281,50.938736],[11.656804,50.938762],[11.652425,50.938318],[11.648145,50.938299],[11.649758,50.940674],[11.649443,50.940857],[11.649083,50.940419],[11.649042,50.941597],[11.649098,50.941861],[11.649934,50.942571],[11.649919,50.942917],[11.650091,50.943271],[11.649826,50.943481],[11.649737,50.943812],[11.649474,50.944073],[11.649,50.944311],[11.649305,50.944852],[11.649584,50.945816],[11.650106,50.945716],[11.650177,50.946082],[11.649986,50.946116],[11.650295,50.947288],[11.649846,50.947355],[11.649426,50.94754],[11.649561,50.948108],[11.649923,50.94803],[11.650303,50.948593],[11.650472,50.94989],[11.650691,50.950383],[11.650816,50.950339],[11.650973,50.95069],[11.651966,50.950457],[11.656907,50.949671],[11.656867,50.949808],[11.658411,50.949654],[11.658504,50.950003],[11.660514,50.949857],[11.66045,50.950174],[11.660318,50.950185],[11.660744,50.951687],[11.660471,50.951655],[11.661047,50.954321],[11.661898,50.954358],[11.664652,50.954087],[11.666002,50.953944],[11.667171,50.953681],[11.669804,50.953734],[11.670096,50.953629],[11.669732,50.953339],[11.67038,50.952651],[11.671576,50.951694],[11.672664,50.951272],[11.672601,50.950803],[11.673166,50.950731],[11.673069,50.950077],[11.672814,50.949626],[11.67076,50.947989],[11.669545,50.946489],[11.668848,50.944913],[11.668938,50.943773],[11.66876,50.942888]]]}"
61,1,Lobeda-Altstadt,2e2f0c1b-e54e-42f2-86a3-e12106fa5b8d,"{""type"":""Polygon"",""bbox"":[11.595123,50.888496,11.634313,50.906690],""coordinates"":[[[11.616058,50.889004],[11.615247,50.889472],[11.616403,50.89044],[11.616527,50.890894],[11.61631,50.89117],[11.617003,50.891645],[11.617268,50.891975],[11.616255,50.89228],[11.613358,50.892925],[11.613332,50.892868],[11.612621,50.892987],[11.612247,50.892921],[11.609808,50.892285],[11.609097,50.89186],[11.609085,50.891334],[11.609275,50.890804],[11.60777,50.890577],[11.607598,50.891283],[11.607305,50.891269],[11.607598,50.890504],[11.606382,50.89029],[11.606043,50.890767],[11.605601,50.890933],[11.605688,50.891492],[11.606027,50.891735],[11.605875,50.891837],[11.605582,50.891509],[11.605446,50.890922],[11.602298,50.890867],[11.602043,50.894786],[11.60177,50.895583],[11.600668,50.895802],[11.599944,50.895761],[11.599389,50.895515],[11.598732,50.895543],[11.598669,50.895971],[11.598934,50.896685],[11.599022,50.897856],[11.598608,50.899743],[11.598704,50.900218],[11.598538,50.900847],[11.598237,50.901274],[11.597663,50.901769],[11.595123,50.903182],[11.595559,50.903444],[11.596388,50.903024],[11.596851,50.9031],[11.597997,50.902982],[11.59886,50.902741],[11.599519,50.903021],[11.600509,50.902852],[11.600947,50.902994],[11.60268,50.902767],[11.60294,50.903528],[11.603416,50.903978],[11.604355,50.904567],[11.606526,50.905135],[11.607871,50.905184],[11.608812,50.905319],[11.611666,50.906057],[11.615632,50.906015],[11.616862,50.906325],[11.618197,50.90645],[11.618908,50.906065],[11.620126,50.906003],[11.624052,50.906055],[11.623932,50.90669],[11.625619,50.905598],[11.629783,50.905773],[11.632339,50.906111],[11.632957,50.906312],[11.63425,50.906291],[11.634313,50.902697],[11.628173,50.899981],[11.62561,50.899906],[11.627506,50.897482],[11.625536,50.895955],[11.622812,50.893335],[11.618691,50.890761],[11.619134,50.89027],[11.619468,50.890223],[11.619855,50.890264],[11.621498,50.890915],[11.62318,50.890936],[11.623943,50.890466],[11.6235,50.888933],[11.623067,50.888605],[11.622865,50.888577],[11.618437,50.888496],[11.61703,50.888581],[11.616058,50.889004]]]}"
183,3,Closewitz,a91363a8-e567-4f73-b395-72e57b2695d1,"{""type"":""Polygon"",""bbox"":[11.563862,50.947083,11.595659,50.975117],""coordinates"":[[[11.575264,50.947083],[11.573884,50.947117],[11.571895,50.949549],[11.570372,50.950967],[11.569551,50.952748],[11.568618,50.953867],[11.567881,50.9558],[11.56576,50.955632],[11.565555,50.95743],[11.567032,50.957385],[11.565895,50.959241],[11.563862,50.96335],[11.564316,50.964399],[11.564773,50.964849],[11.566039,50.965646],[11.568134,50.966653],[11.569552,50.966932],[11.570815,50.967903],[11.572197,50.968122],[11.572967,50.968356],[11.573611,50.968756],[11.574009,50.968873],[11.581732,50.97086],[11.580625,50.973154],[11.582002,50.973054],[11.584716,50.97317],[11.585485,50.972437],[11.587507,50.97285],[11.588362,50.972935],[11.590938,50.974465],[11.592131,50.974771],[11.592987,50.975117],[11.594284,50.973009],[11.595119,50.971092],[11.595294,50.970663],[11.595103,50.969671],[11.595372,50.9689],[11.595659,50.968608],[11.594977,50.9682],[11.594928,50.967777],[11.594322,50.967507],[11.594153,50.966821],[11.593621,50.966218],[11.593659,50.96608],[11.593938,50.965954],[11.593875,50.965312],[11.593516,50.965033],[11.593424,50.964824],[11.593954,50.964176],[11.593946,50.963689],[11.594289,50.963308],[11.594368,50.963005],[11.594156,50.962697],[11.593818,50.962487],[11.593476,50.962437],[11.593278,50.962226],[11.592804,50.96202],[11.592487,50.96198],[11.592529,50.961801],[11.59224,50.961603],[11.59218,50.960737],[11.592063,50.96059],[11.592371,50.9605],[11.592365,50.959429],[11.592905,50.959062],[11.59278,50.958962],[11.592938,50.958603],[11.590789,50.958705],[11.589034,50.958494],[11.587108,50.957692],[11.586763,50.95763],[11.58607,50.957255],[11.584836,50.956858],[11.585154,50.9554],[11.584836,50.954777],[11.585202,50.954454],[11.585556,50.954507],[11.587031,50.952393],[11.588848,50.950704],[11.587079,50.950278],[11.585995,50.949776],[11.581613,50.948983],[11.575264,50.947083]]]}"
81,4,Wenigenjena / Kernberge,2b32ab83-9ea8-49d4-abb8-e63162db8611,"{""type"":""Polygon"",""bbox"":[11.576161,50.912344,11.599606,50.926858],""coordinates"":[[[11.586661,50.913294],[11.585297,50.912624],[11.585239,50.913203],[11.586023,50.91409],[11.585493,50.914227],[11.585026,50.914125],[11.585009,50.914262],[11.584177,50.914116],[11.581917,50.913394],[11.576161,50.912344],[11.576414,50.912909],[11.577102,50.913555],[11.579711,50.914674],[11.581031,50.915601],[11.581242,50.915923],[11.581354,50.916494],[11.580655,50.917254],[11.580421,50.917708],[11.580576,50.918172],[11.580797,50.918392],[11.581392,50.918447],[11.583182,50.91911],[11.58429,50.919718],[11.585439,50.920511],[11.585683,50.92095],[11.585709,50.92148],[11.585221,50.922641],[11.585519,50.923189],[11.586355,50.92365],[11.588797,50.924614],[11.59121,50.925193],[11.592175,50.925519],[11.592731,50.92585],[11.59423,50.926412],[11.595015,50.926858],[11.595446,50.92627],[11.59554,50.925605],[11.596441,50.924943],[11.597477,50.924966],[11.599414,50.924648],[11.599606,50.9247],[11.599344,50.923781],[11.598309,50.923876],[11.598238,50.923736],[11.59859,50.923264],[11.598378,50.923262],[11.598356,50.923194],[11.598558,50.922304],[11.598449,50.92228],[11.598419,50.921089],[11.597948,50.921161],[11.597844,50.920862],[11.599512,50.920458],[11.599544,50.92028],[11.598898,50.91983],[11.599136,50.919067],[11.599057,50.918459],[11.598546,50.918367],[11.597707,50.917927],[11.596505,50.917569],[11.595683,50.916687],[11.594742,50.916583],[11.594787,50.916524],[11.5941,50.916137],[11.594672,50.915687],[11.594377,50.915538],[11.594947,50.915072],[11.59401,50.914839],[11.593276,50.915117],[11.592731,50.914329],[11.591992,50.914507],[11.592625,50.915299],[11.591245,50.914035],[11.590901,50.914157],[11.589538,50.913103],[11.589015,50.913739],[11.588415,50.913513],[11.588036,50.913228],[11.587367,50.913635],[11.586661,50.913294]]]}"
170,3,Isserstedt,131ce071-8bf3-4ae5-b5d8-e3935162f05e,"{""type"":""Polygon"",""bbox"":[11.498756,50.941149,11.544025,50.972044],""coordinates"":[[[11.519995,50.947817],[11.515712,50.947485],[11.513484,50.946794],[11.513092,50.947424],[11.512051,50.947113],[11.511389,50.946681],[11.507237,50.94547],[11.501574,50.944687],[11.500791,50.946914],[11.499324,50.950058],[11.499717,50.950145],[11.498756,50.952498],[11.499438,50.952573],[11.499482,50.953432],[11.500782,50.953463],[11.500428,50.955455],[11.500346,50.957516],[11.500581,50.958204],[11.501374,50.959633],[11.501428,50.960163],[11.502684,50.96021],[11.502332,50.962039],[11.504883,50.96218],[11.504386,50.965014],[11.503129,50.965002],[11.503104,50.967021],[11.506386,50.967011],[11.508849,50.967399],[11.510697,50.967825],[11.51739,50.969671],[11.522324,50.970619],[11.524003,50.97108],[11.524044,50.971012],[11.525033,50.971258],[11.524859,50.971548],[11.526662,50.972044],[11.526598,50.971966],[11.526776,50.971896],[11.528421,50.969861],[11.528216,50.969791],[11.529777,50.96822],[11.532063,50.966892],[11.532948,50.966067],[11.533898,50.96485],[11.534608,50.963227],[11.536033,50.96377],[11.537338,50.964641],[11.538152,50.964661],[11.538651,50.964366],[11.53901,50.963999],[11.539354,50.962948],[11.540061,50.962888],[11.540033,50.962766],[11.540306,50.962738],[11.540597,50.962306],[11.541925,50.961785],[11.542508,50.960855],[11.543445,50.959917],[11.543724,50.958572],[11.543904,50.958604],[11.544025,50.957405],[11.543964,50.955316],[11.543377,50.953271],[11.541215,50.952882],[11.539787,50.952718],[11.539637,50.952248],[11.538802,50.950964],[11.538927,50.950037],[11.536446,50.946396],[11.536419,50.945656],[11.538239,50.943691],[11.538536,50.942081],[11.539787,50.941938],[11.541337,50.941404],[11.542245,50.941543],[11.542422,50.941312],[11.541237,50.941149],[11.540069,50.941747],[11.539261,50.941894],[11.537806,50.941995],[11.534003,50.942648],[11.533225,50.943509],[11.533646,50.945217],[11.533547,50.945375],[11.53279,50.945774],[11.532715,50.945898],[11.526761,50.945965],[11.525059,50.946299],[11.52133,50.945944],[11.520706,50.946601],[11.519995,50.947817]]]}"
100,3,Wöllnitz,aa0db20d-dcaf-4261-a683-9078cbc2a95e,"{""type"":""Polygon"",""bbox"":[11.576161,50.902741,11.645256,50.915299],""coordinates"":[[[11.59886,50.902741],[11.597997,50.902982],[11.596851,50.9031],[11.596388,50.903024],[11.595559,50.903444],[11.595123,50.903182],[11.593842,50.903985],[11.592755,50.904363],[11.591745,50.904476],[11.58989,50.904389],[11.589129,50.904551],[11.588537,50.904934],[11.587892,50.905631],[11.587507,50.906943],[11.587266,50.907235],[11.586622,50.907487],[11.586006,50.907596],[11.585063,50.907662],[11.583498,50.907586],[11.58318,50.907646],[11.582834,50.908013],[11.582313,50.909216],[11.581921,50.90952],[11.581211,50.909922],[11.579863,50.91039],[11.576987,50.911056],[11.576385,50.911665],[11.576161,50.912344],[11.581917,50.913394],[11.584177,50.914116],[11.585009,50.914262],[11.585026,50.914125],[11.585493,50.914227],[11.586023,50.91409],[11.585239,50.913203],[11.585297,50.912624],[11.587367,50.913635],[11.588036,50.913228],[11.588415,50.913513],[11.589015,50.913739],[11.589538,50.913103],[11.590901,50.914157],[11.591245,50.914035],[11.592625,50.915299],[11.591992,50.914507],[11.592731,50.914329],[11.593276,50.915117],[11.59401,50.914839],[11.594893,50.915058],[11.595768,50.913346],[11.602275,50.912197],[11.606884,50.913694],[11.61102,50.912229],[11.616149,50.909814],[11.618167,50.908541],[11.621451,50.907881],[11.622836,50.90793],[11.623102,50.908074],[11.623628,50.909155],[11.626023,50.908044],[11.629415,50.907142],[11.630723,50.907005],[11.632933,50.906946],[11.634882,50.907603],[11.635977,50.908493],[11.636965,50.908177],[11.639202,50.907718],[11.641122,50.907882],[11.641956,50.907155],[11.644467,50.906673],[11.645159,50.906368],[11.645256,50.905882],[11.644552,50.90582],[11.640752,50.906008],[11.639001,50.906244],[11.638284,50.906155],[11.637443,50.906294],[11.635777,50.906361],[11.632957,50.906312],[11.632339,50.906111],[11.629783,50.905773],[11.625619,50.905598],[11.623932,50.90669],[11.624052,50.906055],[11.620126,50.906003],[11.618908,50.906065],[11.618197,50.90645],[11.616862,50.906325],[11.615632,50.906015],[11.611666,50.906057],[11.608812,50.905319],[11.607871,50.905184],[11.606526,50.905135],[11.604355,50.904567],[11.603416,50.903978],[11.60294,50.903528],[11.60268,50.902767],[11.600947,50.902994],[11.600509,50.902852],[11.599519,50.903021],[11.59886,50.902741]]]}"
112,4,Ziegenhainer Tal,b15ecb4a-e639-4c06-bd94-14e139ca965e,"{""type"":""Polygon"",""bbox"":[11.594100,50.910833,11.619581,50.925307],""coordinates"":[[[11.594842,50.915159],[11.594377,50.915538],[11.594672,50.915687],[11.5941,50.916137],[11.594787,50.916524],[11.594742,50.916583],[11.595683,50.916687],[11.596505,50.917569],[11.597707,50.917927],[11.598546,50.918367],[11.599057,50.918459],[11.599136,50.919067],[11.598898,50.91983],[11.599544,50.92028],[11.599512,50.920458],[11.597844,50.920862],[11.597948,50.921161],[11.598419,50.921089],[11.598449,50.92228],[11.598558,50.922304],[11.598356,50.923194],[11.598378,50.923262],[11.59859,50.923264],[11.598238,50.923736],[11.598309,50.923876],[11.599344,50.923781],[11.59959,50.924608],[11.601055,50.925074],[11.60236,50.925307],[11.6033,50.925278],[11.604495,50.925029],[11.605335,50.925116],[11.605784,50.925037],[11.606176,50.924806],[11.607626,50.924688],[11.609296,50.924295],[11.610813,50.924363],[11.610889,50.924219],[11.611963,50.924037],[11.613483,50.924085],[11.614592,50.923968],[11.614657,50.924097],[11.615937,50.923983],[11.615754,50.924186],[11.61654,50.924579],[11.616841,50.924588],[11.617246,50.92432],[11.617557,50.924242],[11.617519,50.923997],[11.618091,50.923917],[11.618939,50.923597],[11.618659,50.923013],[11.618365,50.922702],[11.618184,50.922144],[11.61862,50.922093],[11.617968,50.920467],[11.6184,50.920393],[11.618192,50.920036],[11.618123,50.91919],[11.618895,50.919038],[11.618773,50.917486],[11.618388,50.916332],[11.619581,50.916192],[11.619507,50.915742],[11.619423,50.915631],[11.619059,50.915566],[11.618831,50.915333],[11.618638,50.915364],[11.61859,50.915197],[11.618198,50.915175],[11.617793,50.914875],[11.618222,50.914734],[11.617453,50.91445],[11.617563,50.913307],[11.617106,50.91309],[11.617096,50.912849],[11.616911,50.912615],[11.616803,50.912544],[11.616674,50.91272],[11.616518,50.912714],[11.616101,50.912323],[11.615722,50.912252],[11.614884,50.911847],[11.614404,50.911477],[11.613906,50.910833],[11.61102,50.912229],[11.606884,50.913694],[11.602275,50.912197],[11.595768,50.913346],[11.594842,50.915159]]]}"
111,3,Ziegenhain Ort,00d10964-acc1-43f2-8771-095a58d642df,"{""type"":""Polygon"",""bbox"":[11.613906,50.906947,11.640456,50.924242],""coordinates"":[[[11.618895,50.919038],[11.618123,50.91919],[11.618192,50.920036],[11.6184,50.920393],[11.617968,50.920467],[11.61862,50.922093],[11.618184,50.922144],[11.618365,50.922702],[11.618659,50.923013],[11.618939,50.923597],[11.618091,50.923917],[11.617519,50.923997],[11.617557,50.924242],[11.619473,50.923799],[11.621467,50.923689],[11.621399,50.923845],[11.62599,50.9237],[11.628233,50.924111],[11.629329,50.924016],[11.629573,50.923794],[11.63189,50.923857],[11.632726,50.924022],[11.6335,50.924045],[11.634187,50.922602],[11.634951,50.921357],[11.637062,50.920581],[11.638183,50.920448],[11.638598,50.920267],[11.639384,50.918696],[11.639471,50.917516],[11.639796,50.91611],[11.640022,50.915799],[11.640053,50.914359],[11.640456,50.91399],[11.639814,50.912355],[11.638567,50.910135],[11.637812,50.910094],[11.636684,50.910235],[11.636152,50.910099],[11.634667,50.909458],[11.633438,50.908673],[11.6331,50.907941],[11.632911,50.906947],[11.630723,50.907005],[11.629415,50.907142],[11.626023,50.908044],[11.623628,50.909155],[11.623102,50.908074],[11.622836,50.90793],[11.621451,50.907881],[11.618167,50.908541],[11.616149,50.909814],[11.613906,50.910833],[11.614404,50.911477],[11.614884,50.911847],[11.615722,50.912252],[11.616101,50.912323],[11.616518,50.912714],[11.616674,50.91272],[11.616803,50.912544],[11.616911,50.912615],[11.617096,50.912849],[11.617106,50.91309],[11.617563,50.913307],[11.617453,50.91445],[11.618222,50.914734],[11.617793,50.914875],[11.618198,50.915175],[11.61859,50.915197],[11.618638,50.915364],[11.618831,50.915333],[11.619059,50.915566],[11.619423,50.915631],[11.619507,50.915742],[11.619581,50.916192],[11.618388,50.916332],[11.618773,50.917486],[11.618895,50.919038]]]}"
132,3,Drackendorf,4f51078e-b089-4a0f-af43-e0b1cf961df3,"{""type"":""Polygon"",""bbox"":[11.618691,50.880908,11.651969,50.907011],""coordinates"":[[[11.639465,50.882021],[11.636818,50.882422],[11.636597,50.882374],[11.634372,50.882768],[11.634302,50.882584],[11.633613,50.882562],[11.633575,50.882229],[11.630751,50.882737],[11.6303,50.883008],[11.629965,50.882956],[11.629391,50.884561],[11.629381,50.884903],[11.629032,50.884973],[11.629105,50.88538],[11.628674,50.885855],[11.628352,50.885833],[11.62614,50.884528],[11.625456,50.884996],[11.624222,50.884857],[11.622643,50.884831],[11.622299,50.885523],[11.622801,50.886942],[11.622752,50.888034],[11.623067,50.888605],[11.6235,50.888933],[11.623943,50.890466],[11.62318,50.890936],[11.621498,50.890915],[11.619855,50.890264],[11.619468,50.890223],[11.619134,50.89027],[11.618691,50.890761],[11.622812,50.893335],[11.625536,50.895955],[11.627506,50.897482],[11.62561,50.899906],[11.628173,50.899981],[11.634313,50.902697],[11.63425,50.906327],[11.637443,50.906294],[11.638284,50.906155],[11.639001,50.906244],[11.640752,50.906008],[11.644552,50.90582],[11.645256,50.905882],[11.646544,50.906154],[11.650037,50.907011],[11.650305,50.906444],[11.650739,50.905921],[11.650631,50.905741],[11.651255,50.905123],[11.651969,50.903281],[11.651691,50.902991],[11.651495,50.902405],[11.650376,50.90183],[11.648861,50.901423],[11.646574,50.901238],[11.645769,50.899318],[11.645673,50.898051],[11.646865,50.896451],[11.64756,50.894529],[11.648483,50.892732],[11.649035,50.891281],[11.647763,50.891021],[11.645571,50.890049],[11.644922,50.889976],[11.643932,50.890028],[11.642837,50.88933],[11.641679,50.888966],[11.641724,50.88746],[11.641601,50.886851],[11.641772,50.886449],[11.641517,50.886491],[11.641919,50.886339],[11.641459,50.88538],[11.641156,50.885283],[11.640417,50.885307],[11.64001,50.885406],[11.639081,50.885359],[11.638816,50.8849],[11.639595,50.883733],[11.64075,50.88321],[11.641287,50.882709],[11.642385,50.882949],[11.642015,50.883287],[11.642425,50.882958],[11.642243,50.881974],[11.64257,50.8812],[11.641996,50.881086],[11.641681,50.880908],[11.641336,50.881396],[11.641673,50.881697],[11.640593,50.88202],[11.640474,50.881888],[11.639465,50.882021]]]}"
82,4,Wenigenjena Ort,de668eef-8385-4b64-ba8f-6d77a429e723,"{""type"":""Polygon"",""bbox"":[11.594407,50.924608,11.610924,50.936899],""coordinates"":[[[11.60229,50.925296],[11.601055,50.925074],[11.59959,50.924608],[11.599606,50.9247],[11.599414,50.924648],[11.597477,50.924966],[11.596625,50.9249],[11.59554,50.925605],[11.595446,50.92627],[11.595015,50.926858],[11.595537,50.927374],[11.595883,50.928595],[11.596133,50.928963],[11.596203,50.931194],[11.595599,50.932479],[11.59492,50.932975],[11.594407,50.934709],[11.595044,50.935279],[11.596621,50.936373],[11.597678,50.936816],[11.59812,50.936899],[11.599879,50.936831],[11.600703,50.936685],[11.601565,50.936461],[11.603683,50.935683],[11.603934,50.935835],[11.604761,50.93575],[11.605458,50.935247],[11.605425,50.935178],[11.605715,50.935287],[11.60651,50.934615],[11.6067,50.9346],[11.60637,50.934395],[11.607061,50.934398],[11.606794,50.933893],[11.607033,50.933806],[11.605253,50.931725],[11.604789,50.931467],[11.60618,50.930966],[11.60679,50.930468],[11.607921,50.92983],[11.608447,50.929212],[11.609336,50.928973],[11.609717,50.92877],[11.6094,50.927846],[11.610924,50.927598],[11.610557,50.926611],[11.610563,50.925727],[11.609878,50.925816],[11.608336,50.925733],[11.606922,50.925279],[11.607166,50.925229],[11.60734,50.924726],[11.606176,50.924806],[11.605784,50.925037],[11.605335,50.925116],[11.604495,50.925029],[11.6033,50.925278],[11.60229,50.925296]]]}"
72,2,Nord II,82218497-e1e3-4a95-a008-abcac2bf75b2,"{""type"":""Polygon"",""bbox"":[11.584836,50.943120,11.621315,50.958705],""coordinates"":[[[11.596237,50.949627],[11.591754,50.951716],[11.588848,50.950704],[11.587031,50.952393],[11.585556,50.954507],[11.585202,50.954454],[11.584836,50.954777],[11.585154,50.9554],[11.584836,50.956858],[11.58607,50.957255],[11.586763,50.95763],[11.587108,50.957692],[11.589034,50.958494],[11.590789,50.958705],[11.592938,50.958603],[11.593964,50.958416],[11.595345,50.95801],[11.597771,50.957971],[11.598449,50.957812],[11.599068,50.957938],[11.599639,50.957721],[11.600212,50.957819],[11.600632,50.957586],[11.601139,50.957523],[11.601647,50.957321],[11.601756,50.957627],[11.602586,50.957368],[11.603444,50.957647],[11.604627,50.957829],[11.604815,50.957828],[11.60532,50.957558],[11.605934,50.957618],[11.606297,50.957363],[11.607137,50.957389],[11.607569,50.957146],[11.60774,50.956873],[11.608296,50.956651],[11.608024,50.956297],[11.60767,50.955436],[11.60779,50.955216],[11.610841,50.952995],[11.608195,50.951094],[11.608955,50.950788],[11.609224,50.9505],[11.611263,50.949869],[11.611892,50.950433],[11.612901,50.950004],[11.61331,50.950399],[11.614561,50.949869],[11.614982,50.950127],[11.615256,50.950225],[11.615373,50.95017],[11.615647,50.950322],[11.61657,50.949914],[11.620711,50.948645],[11.621315,50.948377],[11.619758,50.947089],[11.618513,50.946463],[11.617391,50.946203],[11.6149,50.945931],[11.613841,50.945683],[11.612761,50.945274],[11.612027,50.944896],[11.611318,50.944354],[11.610058,50.94312],[11.607808,50.944199],[11.607319,50.944625],[11.60714,50.944519],[11.605635,50.945226],[11.606521,50.945633],[11.605352,50.945211],[11.604801,50.945737],[11.604685,50.945673],[11.603991,50.945997],[11.603017,50.945468],[11.602019,50.946083],[11.602777,50.946565],[11.60266,50.94662],[11.601992,50.946187],[11.601787,50.946186],[11.600799,50.946807],[11.601345,50.947235],[11.601253,50.947278],[11.600907,50.947054],[11.599951,50.947643],[11.600127,50.947805],[11.596237,50.949627]]]}"
63,1,Lobeda-Ost,70d52267-b68c-4c45-afec-e75f5e7fadfa,"{""type"":""Polygon"",""bbox"":[11.608001,50.876861,11.629578,50.892987],""coordinates"":[[[11.626881,50.878058],[11.627313,50.877301],[11.629578,50.876974],[11.629559,50.876861],[11.627467,50.87717],[11.624707,50.877349],[11.623531,50.877593],[11.621837,50.878868],[11.620842,50.879471],[11.62012,50.87959],[11.619836,50.879718],[11.619451,50.880282],[11.618314,50.880959],[11.616754,50.882171],[11.617371,50.880742],[11.616366,50.882181],[11.613694,50.88443],[11.611618,50.885942],[11.610362,50.885842],[11.609415,50.885889],[11.608673,50.886688],[11.608518,50.88669],[11.608545,50.886924],[11.608001,50.887402],[11.610655,50.887596],[11.609085,50.891334],[11.609097,50.89186],[11.609808,50.892285],[11.612621,50.892987],[11.613864,50.892831],[11.616255,50.89228],[11.617268,50.891975],[11.617003,50.891645],[11.61631,50.89117],[11.616527,50.890894],[11.616403,50.89044],[11.615247,50.889472],[11.615796,50.889119],[11.61703,50.888581],[11.617671,50.88853],[11.62048,50.888494],[11.623067,50.888605],[11.622752,50.888034],[11.622801,50.886942],[11.622299,50.885523],[11.623378,50.883],[11.623609,50.882904],[11.623442,50.882514],[11.623186,50.882527],[11.623006,50.882423],[11.623434,50.882169],[11.623693,50.882316],[11.623977,50.881796],[11.623643,50.881583],[11.623366,50.88155],[11.62312,50.880895],[11.622882,50.880778],[11.623185,50.880664],[11.623175,50.880752],[11.625086,50.880445],[11.625017,50.880385],[11.625175,50.880199],[11.626401,50.878984],[11.626881,50.878058]]]}"
999,999,Unzugeordnet,,
